121,Konstantine,Jones,+79448036575,KonstantineJones7499@rambler.ru
136,Lilia,Wilson,+79655780213,LiliaWilson7361@mail.ru
178,Maya,Thomas,+79409482567,MayaThomas1391@hotmail.com
237,Evgeniy,Brown,+79418924254,EvgeniyBrown2389@aol.com
249,Alexander,Davis,+79276246997,AlexanderDavis2571@yahoo.com
290,Maya,Morgan,+79056604268,MayaMorgan8191@rambler.ru
382,James,Smith,+79840605929,JamesSmith8003@gmail.com
415,Emily,Lewis,+79580745521,EmilyLewis2804@gmail.com
504,Evgeniy,Wood,+79774074041,EvgeniyWood2335@rambler.ru
523,Alexander,Miller,+79744840863,AlexanderMiller7118@mail.ru
595,James,Edwards,+79727070945,JamesEdwards7201@hotmail.com
607,Alexander,Edwards,+79695640184,AlexanderEdwards2498@rambler.ru
611,Emily,Lewis,+79397946985,EmilyLewis7994@hotmail.com
643,Rubik,Hill,+79739794142,RubikHill4934@rambler.ru
756,Olga,Turner,+79645099428,OlgaTurner8849@yahoo.com
757,Lilia,Jackson,+79519350546,LiliaJackson6324@mail.ru
847,Amelia,Johnson,+79243734929,AmeliaJohnson8275@hotmail.com
965,Alexander,Moore,+79814624759,AlexanderMoore7583@rambler.ru
988,Emily,Thompson,+79784374267,EmilyThompson9426@hotmail.com
994,Maya,Brown,+79469244780,MayaBrown9785@yahoo.com
517,Genhry,Smith,+79003002211,genhrysmith182@gmail.com
